{
  "0": 0.0,
  "1": 0.15495778620243073,
  "2": 0.2104043811559677,
  "3": 0.14472538232803345,
  "4": 0.12292143702507019,
  "5": 0.19336536526679993,
  "6": 0.20421560108661652,
  "7": 0.16426241397857666,
  "8": 0.18307098746299744,
  "9": 0.17276906967163086,
  "10": 0.23965637385845184,
  "11": 0.3076200783252716,
  "12": 0.3889470398426056,
  "13": 0.3725166320800781,
  "14": 0.3172699511051178,
  "15": 0.3002593517303467,
  "16": 0.37093544006347656,
  "17": 0.4254527986049652,
  "18": 0.46773582696914673,
  "19": 0.5133989453315735,
  "20": 0.508348822593689,
  "21": 0.5227405428886414,
  "22": 0.5225318074226379,
  "23": 0.5398363471031189,
  "24": 0.546129047870636,
  "25": 0.5399768948554993,
  "26": 0.5324761867523193,
  "27": 0.5478164553642273,
  "28": 0.5356802344322205,
  "29": 0.5898714065551758,
  "30": 0.5715590119361877,
  "31": 0.5822633504867554
}